delete from image_metadata;
delete from inventory;
delete from item;
delete from category;

insert into category (name, description, created_at) values
('Electronics', 'Devices and gadgets including smartphones, laptops, and accessories', now()),
('Clothing', 'Apparel for men, women, and children', now()),
('Books', 'Fiction, non-fiction, and educational books', now()),
('Home & Kitchen', 'Appliances, cookware, and home decor', now()),
('Sports', 'Equipment and gear for various sports', now()),
('Beauty', 'Cosmetics, skincare, and personal care products', now()),
('Toys & Games', 'Toys, board games, and puzzles for all ages', now()),
('Furniture', 'Home and office furniture including chairs, tables, and beds', now()),
('Groceries', 'Food items, beverages, and household essentials', now()),
('Jewelry', 'Necklaces, rings, earrings, and other accessories', now());


insert into item (id, name, unit_price, details, category, created_at) values
('ITEM001', 'Smartphone X1', 299.99, '5G smartphone with 128GB storage', 'Electronics', now()),
('ITEM002', 'Wireless Earbuds', 79.99, 'Noise-canceling earbuds with 20-hour battery', 'Electronics', now()),
('ITEM003', 'Laptop Pro', 999.99, '16GB RAM, 512GB SSD ultrabook', 'Electronics', now()),
('ITEM004', 'Smartwatch Z', 199.99, 'Fitness tracker with heart rate monitor', 'Electronics', now()),
('ITEM005', 'Bluetooth Speaker', 59.99, 'Portable speaker with 10-hour battery', 'Electronics', now()),
('ITEM006', 'Tablet A10', 349.99, '10-inch tablet with 64GB storage', 'Electronics', now()),
('ITEM007', 'Gaming Mouse', 49.99, 'RGB gaming mouse with 6 buttons', 'Electronics', now()),
('ITEM008', 'USB-C Hub', 29.99, 'Multi-port adapter for laptops', 'Electronics', now()),
('ITEM009', 'External Hard Drive', 89.99, '1TB portable hard drive', 'Electronics', now()),
('ITEM010', 'Wireless Keyboard', 69.99, 'Mechanical keyboard with backlighting', 'Electronics', now()),
('ITEM011', 'HDMI Cable', 15.99, '4K HDMI cable, 6 feet', 'Electronics', now()),
('ITEM012', 'Smart TV 43"', 399.99, '43-inch 4K LED smart TV', 'Electronics', now()),
('ITEM013', 'Power Bank', 39.99, '10000mAh fast-charging power bank', 'Electronics', now()),
('ITEM014', 'Webcam HD', 59.99, '1080p webcam with microphone', 'Electronics', now()),
('ITEM015', 'Wireless Router', 79.99, 'Dual-band Wi-Fi 6 router', 'Electronics', now()),
('ITEM016', 'Noise-Canceling Headphones', 149.99, 'Over-ear headphones with ANC', 'Electronics', now()),
('ITEM017', 'Smart Bulb', 24.99, 'Wi-Fi-enabled color-changing bulb', 'Electronics', now()),
('ITEM018', 'VR Headset', 299.99, 'Virtual reality headset for gaming', 'Electronics', now()),
('ITEM019', 'Portable Charger', 19.99, '5000mAh compact charger', 'Electronics', now()),
('ITEM020', 'Gaming Console', 499.99, 'Next-gen gaming console with 1TB storage', 'Electronics', now()),
('ITEM021', 'Men’s T-Shirt', 19.99, 'Cotton t-shirt in various colors', 'Clothing', now()),
('ITEM022', 'Women’s Jeans', 49.99, 'Slim-fit denim jeans', 'Clothing', now()),
('ITEM023', 'Winter Jacket', 89.99, 'Insulated jacket for cold weather', 'Clothing', now()),
('ITEM024', 'Running Shoes', 79.99, 'Breathable sneakers for sports', 'Clothing', now()),
('ITEM025', 'Scarf', 24.99, 'Wool scarf for winter', 'Clothing', now()),
('ITEM026', 'Hoodie', 39.99, 'Cotton hoodie with front pocket', 'Clothing', now()),
('ITEM027', 'Dress Shirt', 34.99, 'Formal shirt for office wear', 'Clothing', now()),
('ITEM028', 'Sports Bra', 29.99, 'High-support bra for workouts', 'Clothing', now()),
('ITEM029', 'Track Pants', 44.99, 'Comfortable pants for casual wear', 'Clothing', now()),
('ITEM030', 'Beanie', 14.99, 'Knit beanie for cold days', 'Clothing', now()),
('ITEM031', 'Socks Pack', 12.99, '5-pack of cotton socks', 'Clothing', now()),
('ITEM032', 'Swimwear', 34.99, 'One-piece swimsuit for women', 'Clothing', now()),
('ITEM033', 'Belt', 24.99, 'Leather belt with metal buckle', 'Clothing', now()),
('ITEM034', 'Cardigan', 49.99, 'Soft cardigan for layering', 'Clothing', now()),
('ITEM035', 'Sneakers', 59.99, 'Casual sneakers for daily wear', 'Clothing', now()),
('ITEM036', 'Shorts', 29.99, 'Cotton shorts for summer', 'Clothing', now()),
('ITEM037', 'Gloves', 19.99, 'Thermal gloves for winter', 'Clothing', now()),
('ITEM038', 'Raincoat', 69.99, 'Waterproof raincoat with hood', 'Clothing', now()),
('ITEM039', 'Chinos', 39.99, 'Slim-fit chinos for men', 'Clothing', now()),
('ITEM040', 'Blouse', 34.99, 'Silk blouse for women', 'Clothing', now()),
('ITEM041', 'Mystery Novel', 14.99, 'Bestselling thriller book', 'Books', now()),
('ITEM042', 'Cookbook', 24.99, '100 easy recipes for home cooking', 'Books', now()),
('ITEM043', 'History Book', 29.99, 'Detailed account of world history', 'Books', now()),
('ITEM044', 'Children’s Storybook', 12.99, 'Illustrated book for kids', 'Books', now()),
('ITEM045', 'Sci-Fi Novel', 19.99, 'Futuristic adventure novel', 'Books', now()),
('ITEM046', 'Self-Help Book', 17.99, 'Guide to personal growth', 'Books', now()),
('ITEM047', 'Biography', 22.99, 'Life story of a famous figure', 'Books', now()),
('ITEM048', 'Textbook', 49.99, 'College-level math textbook', 'Books', now()),
('ITEM049', 'Poetry Collection', 15.99, 'Modern poetry anthology', 'Books', now()),
('ITEM050', 'Graphic Novel', 19.99, 'Illustrated superhero story', 'Books', now()),
('ITEM051', 'Travel Guide', 14.99, 'Guidebook for Europe travel', 'Books', now()),
('ITEM052', 'Fantasy Novel', 18.99, 'Epic fantasy series book 1', 'Books', now()),
('ITEM053', 'Art Book', 34.99, 'Coffee table book on modern art', 'Books', now()),
('ITEM054', 'Language Learning', 24.99, 'Beginner’s guide to Spanish', 'Books', now()),
('ITEM055', 'Science Book', 27.99, 'Exploration of quantum physics', 'Books', now()),
('ITEM056', 'Kids Activity Book', 9.99, 'Puzzles and games for children', 'Books', now()),
('ITEM057', 'Memoir', 21.99, 'Personal memoir of a celebrity', 'Books', now()),
('ITEM058', 'Business Book', 29.99, 'Guide to entrepreneurship', 'Books', now()),
('ITEM059', 'Classic Novel', 11.99, 'Timeless literary classic', 'Books', now()),
('ITEM060', 'Comic Book', 8.99, 'Latest issue of superhero comic', 'Books', now()),
('ITEM061', 'Air Fryer', 129.99, '5-quart air fryer with digital controls', 'Home & Kitchen', now()),
('ITEM062', 'Dinner Set', 59.99, '12-piece ceramic dinnerware set', 'Home & Kitchen', now()),
('ITEM063', 'Blender', 79.99, 'High-speed blender for smoothies', 'Home & Kitchen', now()),
('ITEM064', 'Coffee Maker', 49.99, '12-cup programmable coffee maker', 'Home & Kitchen', now()),
('ITEM065', 'Table Lamp', 34.99, 'Modern desk lamp with USB port', 'Home & Kitchen', now()),
('ITEM066', 'Knife Set', 69.99, '6-piece stainless steel knife set', 'Home & Kitchen', now()),
('ITEM067', 'Vacuum Cleaner', 199.99, 'Cordless vacuum with HEPA filter', 'Home & Kitchen', now()),
('ITEM068', 'Microwave Oven', 89.99, '700W compact microwave', 'Home & Kitchen', now()),
('ITEM069', 'Toaster', 29.99, '2-slice toaster with bagel setting', 'Home & Kitchen', now()),
('ITEM070', 'Pots Set', 99.99, '8-piece non-stick cookware set', 'Home & Kitchen', now()),
('ITEM071', 'Bed Sheets', 39.99, 'Queen-size cotton sheet set', 'Home & Kitchen', now()),
('ITEM072', 'Curtains', 44.99, 'Blackout curtains for bedroom', 'Home & Kitchen', now()),
('ITEM073', 'Electric Kettle', 34.99, '1.7L stainless steel kettle', 'Home & Kitchen', now()),
('ITEM074', 'Slow Cooker', 59.99, '6-quart programmable slow cooker', 'Home & Kitchen', now()),
('ITEM075', 'Wall Clock', 24.99, 'Modern minimalist wall clock', 'Home & Kitchen', now()),
('ITEM076', 'Rug', 79.99, '5x7 area rug for living room', 'Home & Kitchen', now()),
('ITEM077', 'Storage Box', 19.99, 'Plastic storage bin with lid', 'Home & Kitchen', now()),
('ITEM078', 'Iron', 29.99, 'Steam iron with non-stick soleplate', 'Home & Kitchen', now()),
('ITEM079', 'Humidifier', 49.99, 'Ultrasonic cool mist humidifier', 'Home & Kitchen', now()),
('ITEM080', 'Dish Rack', 24.99, 'Stainless steel dish drying rack', 'Home & Kitchen', now()),
('ITEM081', 'Yoga Mat', 29.99, 'Non-slip mat for yoga and fitness', 'Sports', now()),
('ITEM082', 'Soccer Ball', 19.99, 'Size 5 professional soccer ball', 'Sports', now()),
('ITEM083', 'Tennis Racket', 49.99, 'Lightweight racket for beginners', 'Sports', now()),
('ITEM084', 'Gym Bag', 34.99, 'Water-resistant sports duffel bag', 'Sports', now()),
('ITEM085', 'Dumbbells', 59.99, 'Pair of 10lb adjustable dumbbells', 'Sports', now()),
('ITEM086', 'Jump Rope', 14.99, 'Speed jump rope for cardio', 'Sports', now()),
('ITEM087', 'Bike Helmet', 39.99, 'Safety helmet with adjustable straps', 'Sports', now()),
('ITEM088', 'Running Belt', 19.99, 'Waist belt for phone and keys', 'Sports', now()),
('ITEM089', 'Basketball', 24.99, 'Indoor court for pro', 'Sports', now()),
('ITEM090', 'Swim Goggles', 12.99, 'Anti-fog goggles for swimming', 'Sports', now()),
('ITEM091', 'Basketball', 29.99, 'Indoor/outdoor basketball', 'Sports', now()),
('ITEM092', 'Fitness Tracker', 49.99, 'Wristband with step counter', 'Sports', now()),
('ITEM093', 'Skateboard', 69.99, 'Standard skateboard for tricks', 'Sports', now()),
('ITEM094', 'Golf Balls', 19.99, 'Pack of high-performance golf balls', 'Sports', now()),
('ITEM095', 'Camping Tent', 89.99, '4-person tent for outdoor camping', 'Sports', now()),
('ITEM096', 'Boxing Gloves', 39.99, '12 oz gloves for training', 'Sports', now()),
('ITEM097', 'Sports Bottle', 14.99, 'BPA-free water bottle for gym', 'Sports', now()),
('ITEM098', 'Badminton Set', 29.99, 'Set with net and rackets', 'Sports', now()),
('ITEM099', 'Knee Brace', 19.99, 'Support brace for sports', 'Sports', now()),
('ITEM100', 'Climbing Rope', 49.99, 'High-strength rope for indoor climbing', 'Sports', now()),
('ITEM101', 'Moisturizing Cream', 14.99, 'Hydrating cream for sensitive skin', 'Beauty', now()),
('ITEM102', 'Lipstick Set', 24.99, '5 vibrant lipsticks', 'Clothing', now()),
('ITEM103', 'Face Serum', 29.99, 'Anti-aging serum with vitamin C', 'Beauty', now()),
('ITEM104', 'Mascara', 12.99, 'Volumizing mascara', 'Beauty', now()),
('ITEM105', 'Perfume', 49.99, 'Floral fragrance for women', 'Beauty', now()),
('ITEM106', 'Nail Polish', 9.99, 'Long-lasting nail polish', 'Beauty', now()),
('ITEM107', 'Facial Mask', 19.99, 'Pack of hydrating sheet masks', 'Beauty', now()),
('ITEM108', 'Shaving Cream', 14.99, 'Moisturizing cream for men', 'Beauty', now()),
('ITEM109', 'Hair Dryer', 39.99, 'Ionic hair dryer with diffuser', 'Beauty', now()),
('ITEM110', 'Body Lotion', 17.99, 'Nourishing lotion with shea butter', 'Beauty', now()),
('ITEM111', 'Eye Shadow', 19.99, 'Palette with 10 shades', 'Beauty', now()),
('ITEM112', 'Cleansing Oil', 24.99, 'Gentle makeup remover', 'Beauty', now()),
('ITEM113', 'Sunscreen', 19.99, 'SPF 50+ broad-spectrum', 'Beauty', now()),
('ITEM114', 'Hair Gel', 14.99, 'Strong hold styling gel', 'Beauty', now()),
('ITEM115', 'Bath Salts', 12.99, 'Relaxing lavender bath salts', 'Beauty', now()),
('ITEM116', 'Lip Gloss', 9.99, 'Shiny gloss with moisturizer', 'Beauty', now()),
('ITEM117', 'Foundation', 29.99, 'Liquid foundation for all skin types', 'Beauty', now()),
('ITEM118', 'Blush', 15.99, 'Powder blush for natural glow', 'Beauty', now()),
('ITEM119', 'Eyeliner', 11.99, 'Waterproof liquid eyeliner', 'Beauty', now()),
('ITEM120', 'Hair Spray', 14.99, 'Extra hold hair spray', 'Beauty', now()),
('ITEM121', 'Building Blocks', 39.99, '500-piece set for creative play', 'Toys & Games', now()),
('ITEM122', 'Board Game', 29.99, 'Family-friendly strategy game', 'Toys & Games', now()),
('ITEM123', 'Action Figure', 19.99, 'Superhero action figure', 'Toys & Games', now()),
('ITEM124', 'Puzzle Set', 14.99, '1000-piece jigsaw puzzle', 'Toys & Games', now()),
('ITEM125', 'Doll House', 49.99, 'Wooden doll house with furniture', 'Toys & Games', now()),
('ITEM126', 'Toy Car', 12.99, 'Die-cast model car', 'Toys & Games', now()),
('ITEM127', 'Lego Set', 59.99, 'Creative building kit with 800 pieces', 'Toys & Games', now()),
('ITEM128', 'Card Game', 9.99, 'Fast-paced family card game', 'Toys & Games', now()),
('ITEM129', 'Stuffed Animal', 24.99, 'Plush teddy bear', 'Toys & Games', now()),
('ITEM130', 'Remote Control Car', 39.99, 'RC car with rechargeable battery', 'Toys & Games', now()),
('ITEM131', 'Building Blocks', 29.99, '250-piece construction set', 'Toys & Games', now()),
('ITEM132', 'Train Set', 49.99, 'Wooden train set with cars', 'Toys & Games', now()),
('ITEM133', 'Kite', 14.99, 'Colorful kite for outdoor fun', 'Toys & Games', now()),
('ITEM134', 'Drawing Kit', 19.99, 'Art set with crayons and pencils', 'Toys & Games', now()),
('ITEM135', 'Magic Kit', 24.99, 'Beginner’s magic trick set', 'Toys & Games', now()),
('ITEM136', 'Toy Robot', 34.99, 'Interactive robot with lights', 'Toys & Games', now()),
('ITEM137', 'Play Dough', 9.99, 'Set of 6 colorful play doughs', 'Toys & Games', now()),
('ITEM138', 'Puzzle Cube', 12.99, '3x3 speed cube', 'Toys & Games', now()),
('ITEM139', 'Musical Toy', 29.99, 'Kids’ musical instrument set', 'Toys & Games', now()),
('ITEM140', 'Bubble Maker', 14.99, 'Automatic bubble blowing machine', 'Toys & Games', now()),
('ITEM141', 'Office Chair', 149.99, 'Ergonomic chair with lumbar support', 'Furniture', now()),
('ITEM142', 'Coffee Table', 199.99, 'Wooden table with modern design', 'Furniture', now()),
('ITEM143', 'Bookshelf', 129.99, '5-shelf bookcase for storage', 'Furniture', now()),
('ITEM144', 'Dining Table', 299.99, '6-seater wooden dining table', 'Furniture', now()),
('ITEM145', 'Sofa', 599.99, '3-seater fabric sofa', 'Furniture', now()),
('ITEM146', 'Bed Frame', 249.99, 'Queen-size metal bed frame', 'Furniture', now()),
('ITEM147', 'Desk', 179.99, 'Home office desk with drawers', 'Furniture', now()),
('ITEM148', 'Nightstand', 79.99, 'Bedside table with drawer', 'Furniture', now()),
('ITEM149', 'TV Stand', 149.99, 'Stand for TVs up to 55 inches', 'Furniture', now()),
('ITEM150', 'Wardrobe', 399.99, '2-door wardrobe with shelves', 'Furniture', now()),
('ITEM151', 'Bar Stool', 69.99, 'Adjustable swivel bar stool', 'Furniture', now()),
('ITEM152', 'Recliner', 299.99, 'Leather recliner with footrest', 'Furniture', now()),
('ITEM153', 'Folding Chair', 39.99, 'Portable chair for events', 'Furniture', now()),
('ITEM154', 'Ottoman', 89.99, 'Storage ottoman with cushioned top', 'Furniture', now()),
('ITEM155', 'Console Table', 129.99, 'Entryway table with drawers', 'Furniture', now()),
('ITEM156', 'Patio Set', 499.99, '4-piece outdoor seating set', 'Furniture', now()),
('ITEM157', 'Mattress', 349.99, 'Queen-size memory foam mattress', 'Furniture', now()),
('ITEM158', 'Dresser', 199.99, '6-drawer dresser in oak finish', 'Furniture', now()),
('ITEM159', 'Wall Shelf', 49.99, 'Floating shelf for decor', 'Furniture', now()),
('ITEM160', 'Rocking Chair', 149.99, 'Wooden rocking chair for nursery', 'Furniture', now()),
('ITEM161', 'Organic Coffee', 12.99, '1-pound fair-trade coffee beans', 'Groceries', now()),
('ITEM162', 'Cereal Box', 5.99, 'Whole-grain cereal with fruit', 'Groceries', now()),
('ITEM163', 'Olive Oil', 9.99, 'Extra virgin olive oil, 500ml', 'Groceries', now()),
('ITEM164', 'Pasta Pack', 3.99, '1-pound spaghetti pasta', 'Groceries', now()),
('ITEM165', 'Snack Bars', 7.99, 'Pack of 6 protein bars', 'Groceries', now()),
('ITEM166', 'Canned Soup', 2.99, 'Vegetable soup, 14oz can', 'Groceries', now()),
('ITEM167', 'Tea Bags', 5.99, 'Box of 50 green tea bags', 'Groceries', now()),
('ITEM168', 'Rice Bag', 8.99, '5-pound basmati rice', 'Groceries', now()),
('ITEM169', 'Jam Jar', 4.99, 'Strawberry jam, 12oz', 'Groceries', now()),
('ITEM170', 'Peanut Butter', 6.99, 'Creamy peanut butter, 16oz', 'Groceries', now()),
('ITEM171', 'Bottled Water', 3.99, '12-pack of purified water', 'Groceries', now()),
('ITEM172', 'Spices', 4.99, 'Ground turmeric, 4oz', 'Groceries', now()),
('ITEM173', 'Honey', 7.99, 'Pure organic honey, 12oz', 'Groceries', now()),
('ITEM174', 'Crackers', 3.99, 'Whole-wheat crackers, box', 'Groceries', now()),
('ITEM175', 'Frozen Pizza', 6.99, '12-inch cheese pizza', 'Groceries', now()),
('ITEM176', 'Juice', 5.99, '1-liter orange juice', 'Groceries', now()),
('ITEM177', 'Cookies', 4.99, 'Chocolate chip cookies, 12oz', 'Groceries', now()),
('ITEM178', 'Milk', 3.49, '1-gallon whole milk', 'Groceries', now()),
('ITEM179', 'Dried Fruits', 6.99, 'Mixed dried fruits, 8oz', 'Groceries', now()),
('ITEM180', 'Nuts', 9.99, 'Roasted almonds, 10oz', 'Groceries', now()),
('ITEM181', 'Gold Necklace', 249.99, '18K gold necklace with pendant', 'Jewelry', now()),
('ITEM182', 'Silver Earrings', 49.99, 'Drop earrings for formal wear', 'Clothing', now()),
('ITEM183', 'Diamond Ring', 499.99, '1-carat diamond engagement ring', 'Jewelry', now()),
('ITEM184', 'Bracelet', 79.99, 'Silver charm bracelet', 'Jewelry', now()),
('ITEM185', 'Watch', 149.99, 'Stainless steel analog watch', 'Jewelry', now()),
('ITEM186', 'Anklet', 39.99, 'Gold-plated ankle bracelet', 'Jewelry', now()),
('ITEM187', 'Pendant', 99.99, 'Heart-shaped pendant', 'Jewelry', now()),
('ITEM188', 'Pearl Earrings', 69.99, 'Freshwater pearl stud earrings', 'Jewelry', now()),
('ITEM189', 'Cufflinks', 59.99, 'Silver cufflinks for formal attire', 'Jewelry', now()),
('ITEM190', 'Brooch', 49.99, 'Vintage-style floral brooch', 'Jewelry', now()),
('ITEM191', 'Gold Necklace', 249.99, '18K gold chain necklace', 'Jewelry', now()),
('ITEM192', 'Ring', 99.99, 'Silver stackable ring', 'Jewelry', now()),
('ITEM193', 'Charm Bracelet', 89.99, 'Sterling silver charm bracelet', 'Jewelry', now()),
('ITEM194', 'Stud Earrings', 29.99, 'Gold stud earrings', 'Jewelry', now()),
('ITEM195', 'Necklace Set', 99.99, 'Matching necklace and earring set', 'Jewelry', now()),
('ITEM196', 'Bangle', 69.99, 'Gold bangle', 'Jewelry', now()),
('ITEM197', 'Toe Ring', 19.99, 'Silver adjustable toe ring', 'Jewelry', now()),
('ITEM198', 'Choker', 39.99, 'Velvet choker with gem', 'Jewelry', now()),
('ITEM199', 'Men’s Watch', 129.99, 'Chronograph watch for men', 'Clothing', now()),
('ITEM200', 'Jewelry', 199.99, 'Pearl necklace with gold clasp', 'Jewelry', now());


insert into inventory (item_id, category, stock, created_at) values
( 'ITEM001', 'Electronics', 45, now()),
( 'ITEM002', 'Electronics', 72, now()),
( 'ITEM003', 'Electronics', 19, now()),
( 'ITEM004', 'Electronics', 88, now()),
( 'ITEM005', 'Electronics', 33, now()),
( 'ITEM006', 'Electronics', 56, now()),
( 'ITEM007', 'Electronics', 91, now()),
( 'ITEM008', 'Electronics', 27, now()),
( 'ITEM009', 'Electronics', 64, now()),
( 'ITEM010', 'Electronics', 41, now()),
( 'ITEM011', 'Electronics', 83, now()),
( 'ITEM012', 'Electronics', 22, now()),
( 'ITEM013', 'Electronics', 76, now()),
( 'ITEM014', 'Electronics', 38, now()),
( 'ITEM015', 'Electronics', 95, now()),
( 'ITEM016', 'Electronics', 29, now()),
( 'ITEM017', 'Electronics', 67, now()),
( 'ITEM018', 'Electronics', 14, now()),
( 'ITEM019', 'Electronics', 81, now()),
( 'ITEM020', 'Electronics', 52, now()),
( 'ITEM021', 'Clothing', 63, now()),
( 'ITEM022', 'Clothing', 25, now()),
( 'ITEM023', 'Clothing', 78, now()),
( 'ITEM024', 'Clothing', 36, now()),
( 'ITEM025', 'Clothing', 92, now()),
( 'ITEM026', 'Clothing', 47, now()),
( 'ITEM027', 'Clothing', 69, now()),
( 'ITEM028', 'Clothing', 18, now()),
( 'ITEM029', 'Clothing', 85, now()),
( 'ITEM030', 'Clothing', 31, now()),
( 'ITEM031', 'Clothing', 74, now()),
( 'ITEM032', 'Clothing', 43, now()),
( 'ITEM033', 'Clothing', 96, now()),
( 'ITEM034', 'Clothing', 28, now()),
( 'ITEM035', 'Clothing', 61, now()),
( 'ITEM036', 'Clothing', 39, now()),
( 'ITEM037', 'Clothing', 82, now()),
( 'ITEM038', 'Clothing', 24, now()),
( 'ITEM039', 'Clothing', 77, now()),
( 'ITEM040', 'Clothing', 53, now()),
( 'ITEM041', 'Books', 66, now()),
( 'ITEM042', 'Books', 32, now()),
( 'ITEM043', 'Books', 89, now()),
( 'ITEM044', 'Books', 15, now()),
( 'ITEM045', 'Books', 71, now()),
( 'ITEM046', 'Books', 44, now()),
( 'ITEM047', 'Books', 98, now()),
( 'ITEM048', 'Books', 26, now()),
( 'ITEM049', 'Books', 62, now()),
( 'ITEM050', 'Books', 37, now()),
( 'ITEM051', 'Books', 84, now()),
( 'ITEM052', 'Books', 23, now()),
( 'ITEM053', 'Books', 79, now()),
( 'ITEM054', 'Books', 41, now()),
( 'ITEM055', 'Books', 94, now()),
( 'ITEM056', 'Books', 30, now()),
( 'ITEM057', 'Books', 68, now()),
( 'ITEM058', 'Books', 17, now()),
( 'ITEM059', 'Books', 75, now()),
( 'ITEM060', 'Books', 49, now()),
( 'ITEM061', 'Home & Kitchen', 87, now()),
( 'ITEM062', 'Home & Kitchen', 34, now()),
( 'ITEM063', 'Home & Kitchen', 93, now()),
( 'ITEM064', 'Home & Kitchen', 25, now()),
( 'ITEM065', 'Home & Kitchen', 70, now()),
( 'ITEM066', 'Home & Kitchen', 46, now()),
( 'ITEM067', 'Home & Kitchen', 99, now()),
( 'ITEM068', 'Home & Kitchen', 21, now()),
( 'ITEM069', 'Home & Kitchen', 78, now()),
( 'ITEM070', 'Home & Kitchen', 42, now()),
( 'ITEM071', 'Home & Kitchen', 86, now()),
( 'ITEM072', 'Home & Kitchen', 33, now()),
( 'ITEM073', 'Home & Kitchen', 91, now()),
( 'ITEM074', 'Home & Kitchen', 27, now()),
( 'ITEM075', 'Home & Kitchen', 64, now()),
( 'ITEM076', 'Home & Kitchen', 38, now()),
( 'ITEM077', 'Home & Kitchen', 82, now()),
( 'ITEM078', 'Home & Kitchen', 29, now()),
( 'ITEM079', 'Home & Kitchen', 76, now()),
( 'ITEM080', 'Home & Kitchen', 51, now()),
( 'ITEM081', 'Sports', 88, now()),
( 'ITEM082', 'Sports', 35, now()),
( 'ITEM083', 'Sports', 92, now()),
( 'ITEM084', 'Sports', 24, now()),
( 'ITEM085', 'Sports', 79, now()),
( 'ITEM086', 'Sports', 47, now()),
( 'ITEM087', 'Sports', 95, now()),
( 'ITEM088', 'Sports', 31, now()),
( 'ITEM089', 'Sports', 69, now()),
( 'ITEM090', 'Sports', 43, now()),
( 'ITEM091', 'Sports', 90, now()),
( 'ITEM092', 'Sports', 28, now()),
( 'ITEM093', 'Sports', 74, now()),
( 'ITEM094', 'Sports', 39, now()),
( 'ITEM095', 'Sports', 83, now()),
( 'ITEM096', 'Sports', 22, now()),
( 'ITEM097', 'Sports', 77, now()),
( 'ITEM098', 'Sports', 45, now()),
( 'ITEM099', 'Sports', 96, now()),
( 'ITEM100', 'Sports', 34, now()),
( 'ITEM101', 'Beauty', 81, now()),
( 'ITEM102', 'Clothing', 26, now()),
( 'ITEM103', 'Beauty', 73, now()),
( 'ITEM104', 'Beauty', 48, now()),
( 'ITEM105', 'Beauty', 94, now()),
( 'ITEM106', 'Beauty', 30, now()),
( 'ITEM107', 'Beauty', 67, now()),
( 'ITEM108', 'Beauty', 41, now()),
( 'ITEM109', 'Beauty', 89, now()),
( 'ITEM110', 'Beauty', 23, now()),
( 'ITEM111', 'Beauty', 78, now()),
( 'ITEM112', 'Beauty', 36, now()),
( 'ITEM113', 'Beauty', 85, now()),
( 'ITEM114', 'Beauty', 29, now()),
( 'ITEM115', 'Beauty', 76, now()),
( 'ITEM116', 'Beauty', 44, now()),
( 'ITEM117', 'Beauty', 92, now()),
( 'ITEM118', 'Beauty', 27, now()),
( 'ITEM119', 'Beauty', 70, now()),
( 'ITEM120', 'Beauty', 53, now()),
( 'ITEM121', 'Toys & Games', 88, now()),
( 'ITEM122', 'Toys & Games', 34, now()),
( 'ITEM123', 'Toys & Games', 91, now()),
( 'ITEM124', 'Toys & Games', 25, now()),
( 'ITEM125', 'Toys & Games', 79, now()),
( 'ITEM126', 'Toys & Games', 46, now()),
( 'ITEM127', 'Toys & Games', 93, now()),
( 'ITEM128', 'Toys & Games', 28, now()),
( 'ITEM129', 'Toys & Games', 74, now()),
( 'ITEM130', 'Toys & Games', 40, now()),
( 'ITEM131', 'Toys & Games', 87, now()),
( 'ITEM132', 'Toys & Games', 32, now()),
( 'ITEM133', 'Toys & Games', 80, now()),
( 'ITEM134', 'Toys & Games', 24, now()),
( 'ITEM135', 'Toys & Games', 71, now()),
( 'ITEM136', 'Toys & Games', 49, now()),
( 'ITEM137', 'Toys & Games', 95, now()),
( 'ITEM138', 'Toys & Games', 31, now()),
( 'ITEM139', 'Toys & Games', 77, now()),
( 'ITEM140', 'Toys & Games', 43, now()),
( 'ITEM141', 'Furniture', 89, now()),
( 'ITEM142', 'Furniture', 26, now()),
( 'ITEM143', 'Furniture', 72, now()),
( 'ITEM144', 'Furniture', 38, now()),
( 'ITEM145', 'Furniture', 94, now()),
( 'ITEM146', 'Furniture', 29, now()),
( 'ITEM147', 'Furniture', 75, now()),
( 'ITEM148', 'Furniture', 47, now()),
( 'ITEM149', 'Furniture', 91, now()),
( 'ITEM150', 'Furniture', 33, now()),
( 'ITEM151', 'Furniture', 78, now()),
( 'ITEM152', 'Furniture', 42, now()),
( 'ITEM153', 'Furniture', 86, now()),
( 'ITEM154', 'Furniture', 27, now()),
( 'ITEM155', 'Furniture', 73, now()),
( 'ITEM156', 'Furniture', 39, now()),
( 'ITEM157', 'Furniture', 84, now()),
( 'ITEM158', 'Furniture', 30, now()),
( 'ITEM159', 'Furniture', 76, now()),
( 'ITEM160', 'Furniture', 52, now()),
( 'ITEM161', 'Groceries', 90, now()),
( 'ITEM162', 'Groceries', 34, now()),
( 'ITEM163', 'Groceries', 81, now()),
( 'ITEM164', 'Groceries', 25, now()),
( 'ITEM165', 'Groceries', 79, now()),
( 'ITEM166', 'Groceries', 46, now()),
( 'ITEM167', 'Groceries', 92, now()),
( 'ITEM168', 'Groceries', 28, now()),
( 'ITEM169', 'Groceries', 74, now()),
( 'ITEM170', 'Groceries', 41, now()),
( 'ITEM171', 'Groceries', 88, now()),
( 'ITEM172', 'Groceries', 33, now()),
( 'ITEM173', 'Groceries', 77, now()),
( 'ITEM174', 'Groceries', 49, now()),
( 'ITEM175', 'Groceries', 95, now()),
( 'ITEM176', 'Groceries', 31, now()),
( 'ITEM177', 'Groceries', 70, now()),
( 'ITEM178', 'Groceries', 44, now()),
( 'ITEM179', 'Groceries', 82, now()),
( 'ITEM180', 'Groceries', 26, now()),
( 'ITEM181', 'Jewelry', 91, now()),
( 'ITEM182', 'Clothing', 35, now()),
( 'ITEM183', 'Jewelry', 73, now()),
( 'ITEM184', 'Jewelry', 48, now()),
( 'ITEM185', 'Jewelry', 94, now()),
( 'ITEM186', 'Jewelry', 29, now()),
( 'ITEM187', 'Jewelry', 76, now()),
( 'ITEM188', 'Jewelry', 42, now()),
( 'ITEM189', 'Jewelry', 89, now()),
( 'ITEM190', 'Jewelry', 33, now()),
( 'ITEM191', 'Jewelry', 78, now()),
( 'ITEM192', 'Jewelry', 45, now()),
( 'ITEM193', 'Jewelry', 92, now()),
( 'ITEM194', 'Jewelry', 27, now()),
( 'ITEM195', 'Jewelry', 74, now()),
( 'ITEM196', 'Jewelry', 39, now()),
( 'ITEM197', 'Jewelry', 85, now()),
( 'ITEM198', 'Jewelry', 31, now()),
( 'ITEM199', 'Clothing', 77, now()),
( 'ITEM200', 'Jewelry', 53, now());



INSERT INTO image_metadata (item_id, unique_key, location, created_at)
VALUES
('ITEM001', 'catalog/ITEM001', null, now()),
('ITEM002', 'catalog/ITEM002', null, now()),
('ITEM003', 'catalog/ITEM003', null, now()),
('ITEM004', 'catalog/ITEM004', null, now()),
('ITEM005', 'catalog/ITEM005', null, now()),
('ITEM006', 'catalog/ITEM006', null, now()),
('ITEM007', 'catalog/ITEM007', null, now()),
('ITEM008', 'catalog/ITEM008', null, now()),
('ITEM009', 'catalog/ITEM009', null, now()),
('ITEM010', 'catalog/ITEM010', null, now()),
('ITEM011', 'catalog/ITEM011', null, now()),
('ITEM012', 'catalog/ITEM012', null, now()),
('ITEM013', 'catalog/ITEM013', null, now()),
('ITEM014', 'catalog/ITEM014', null, now()),
('ITEM015', 'catalog/ITEM015', null, now()),
('ITEM016', 'catalog/ITEM016', null, now()),
('ITEM017', 'catalog/ITEM017', null, now()),
('ITEM018', 'catalog/ITEM018', null, now()),
('ITEM019', 'catalog/ITEM019', null, now()),
('ITEM020', 'catalog/ITEM020', null, now()),
('ITEM021', 'catalog/ITEM021', null, now()),
('ITEM022', 'catalog/ITEM022', null, now()),
('ITEM023', 'catalog/ITEM023', null, now()),
('ITEM024', 'catalog/ITEM024', null, now()),
('ITEM025', 'catalog/ITEM025', null, now()),
('ITEM026', 'catalog/ITEM026', null, now()),
('ITEM027', 'catalog/ITEM027', null, now()),
('ITEM028', 'catalog/ITEM028', null, now()),
('ITEM029', 'catalog/ITEM029', null, now()),
('ITEM030', 'catalog/ITEM030', null, now()),
('ITEM031', 'catalog/ITEM031', null, now()),
('ITEM032', 'catalog/ITEM032', null, now()),
('ITEM033', 'catalog/ITEM033', null, now()),
('ITEM034', 'catalog/ITEM034', null, now()),
('ITEM035', 'catalog/ITEM035', null, now()),
('ITEM036', 'catalog/ITEM036', null, now()),
('ITEM037', 'catalog/ITEM037', null, now()),
('ITEM038', 'catalog/ITEM038', null, now()),
('ITEM039', 'catalog/ITEM039', null, now()),
('ITEM040', 'catalog/ITEM040', null, now()),
('ITEM041', 'catalog/ITEM041', null, now()),
('ITEM042', 'catalog/ITEM042', null, now()),
('ITEM043', 'catalog/ITEM043', null, now()),
('ITEM044', 'catalog/ITEM044', null, now()),
('ITEM045', 'catalog/ITEM045', null, now()),
('ITEM046', 'catalog/ITEM046', null, now()),
('ITEM047', 'catalog/ITEM047', null, now()),
('ITEM048', 'catalog/ITEM048', null, now()),
('ITEM049', 'catalog/ITEM049', null, now()),
('ITEM050', 'catalog/ITEM050', null, now()),
('ITEM051', 'catalog/ITEM051', null, now()),
('ITEM052', 'catalog/ITEM052', null, now()),
('ITEM053', 'catalog/ITEM053', null, now()),
('ITEM054', 'catalog/ITEM054', null, now()),
('ITEM055', 'catalog/ITEM055', null, now()),
('ITEM056', 'catalog/ITEM056', null, now()),
('ITEM057', 'catalog/ITEM057', null, now()),
('ITEM058', 'catalog/ITEM058', null, now()),
('ITEM059', 'catalog/ITEM059', null, now()),
('ITEM060', 'catalog/ITEM060', null, now()),
('ITEM061', 'catalog/ITEM061', null, now()),
('ITEM062', 'catalog/ITEM062', null, now()),
('ITEM063', 'catalog/ITEM063', null, now()),
('ITEM064', 'catalog/ITEM064', null, now()),
('ITEM065', 'catalog/ITEM065', null, now()),
('ITEM066', 'catalog/ITEM066', null, now()),
('ITEM067', 'catalog/ITEM067', null, now()),
('ITEM068', 'catalog/ITEM068', null, now()),
('ITEM069', 'catalog/ITEM069', null, now()),
('ITEM070', 'catalog/ITEM070', null, now()),
('ITEM071', 'catalog/ITEM071', null, now()),
('ITEM072', 'catalog/ITEM072', null, now()),
('ITEM073', 'catalog/ITEM073', null, now()),
('ITEM074', 'catalog/ITEM074', null, now()),
('ITEM075', 'catalog/ITEM075', null, now()),
('ITEM076', 'catalog/ITEM076', null, now()),
('ITEM077', 'catalog/ITEM077', null, now()),
('ITEM078', 'catalog/ITEM078', null, now()),
('ITEM079', 'catalog/ITEM079', null, now()),
('ITEM080', 'catalog/ITEM080', null, now()),
('ITEM081', 'catalog/ITEM081', null, now()),
('ITEM082', 'catalog/ITEM082', null, now()),
('ITEM083', 'catalog/ITEM083', null, now()),
('ITEM084', 'catalog/ITEM084', null, now()),
('ITEM085', 'catalog/ITEM085', null, now()),
('ITEM086', 'catalog/ITEM086', null, now()),
('ITEM087', 'catalog/ITEM087', null, now()),
('ITEM088', 'catalog/ITEM088', null, now()),
('ITEM089', 'catalog/ITEM089', null, now()),
('ITEM090', 'catalog/ITEM090', null, now()),
('ITEM091', 'catalog/ITEM091', null, now()),
('ITEM092', 'catalog/ITEM092', null, now()),
('ITEM093', 'catalog/ITEM093', null, now()),
('ITEM094', 'catalog/ITEM094', null, now()),
('ITEM095', 'catalog/ITEM095', null, now()),
('ITEM096', 'catalog/ITEM096', null, now()),
('ITEM097', 'catalog/ITEM097', null, now()),
('ITEM098', 'catalog/ITEM098', null, now()),
('ITEM099', 'catalog/ITEM099', null, now()),
('ITEM100', 'catalog/ITEM100', null, now()),
('ITEM101', 'catalog/ITEM101', null, now()),
('ITEM102', 'catalog/ITEM102', null, now()),
('ITEM103', 'catalog/ITEM103', null, now()),
('ITEM104', 'catalog/ITEM104', null, now()),
('ITEM105', 'catalog/ITEM105', null, now()),
('ITEM106', 'catalog/ITEM106', null, now()),
('ITEM107', 'catalog/ITEM107', null, now()),
('ITEM108', 'catalog/ITEM108', null, now()),
('ITEM109', 'catalog/ITEM109', null, now()),
('ITEM110', 'catalog/ITEM110', null, now()),
('ITEM111', 'catalog/ITEM111', null, now()),
('ITEM112', 'catalog/ITEM112', null, now()),
('ITEM113', 'catalog/ITEM113', null, now()),
('ITEM114', 'catalog/ITEM114', null, now()),
('ITEM115', 'catalog/ITEM115', null, now()),
('ITEM116', 'catalog/ITEM116', null, now()),
('ITEM117', 'catalog/ITEM117', null, now()),
('ITEM118', 'catalog/ITEM118', null, now()),
('ITEM119', 'catalog/ITEM119', null, now()),
('ITEM120', 'catalog/ITEM120', null, now()),
('ITEM121', 'catalog/ITEM121', null, now()),
('ITEM122', 'catalog/ITEM122', null, now()),
('ITEM123', 'catalog/ITEM123', null, now()),
('ITEM124', 'catalog/ITEM124', null, now()),
('ITEM125', 'catalog/ITEM125', null, now()),
('ITEM126', 'catalog/ITEM126', null, now()),
('ITEM127', 'catalog/ITEM127', null, now()),
('ITEM128', 'catalog/ITEM128', null, now()),
('ITEM129', 'catalog/ITEM129', null, now()),
('ITEM130', 'catalog/ITEM130', null, now()),
('ITEM131', 'catalog/ITEM131', null, now()),
('ITEM132', 'catalog/ITEM132', null, now()),
('ITEM133', 'catalog/ITEM133', null, now()),
('ITEM134', 'catalog/ITEM134', null, now()),
('ITEM135', 'catalog/ITEM135', null, now()),
('ITEM136', 'catalog/ITEM136', null, now()),
('ITEM137', 'catalog/ITEM137', null, now()),
('ITEM138', 'catalog/ITEM138', null, now()),
('ITEM139', 'catalog/ITEM139', null, now()),
('ITEM140', 'catalog/ITEM140', null, now()),
('ITEM141', 'catalog/ITEM141', null, now()),
('ITEM142', 'catalog/ITEM142', null, now()),
('ITEM143', 'catalog/ITEM143', null, now()),
('ITEM144', 'catalog/ITEM144', null, now()),
('ITEM145', 'catalog/ITEM145', null, now()),
('ITEM146', 'catalog/ITEM146', null, now()),
('ITEM147', 'catalog/ITEM147', null, now()),
('ITEM148', 'catalog/ITEM148', null, now()),
('ITEM149', 'catalog/ITEM149', null, now()),
('ITEM150', 'catalog/ITEM150', null, now()),
('ITEM151', 'catalog/ITEM151', null, now()),
('ITEM152', 'catalog/ITEM152', null, now()),
('ITEM153', 'catalog/ITEM153', null, now()),
('ITEM154', 'catalog/ITEM154', null, now()),
('ITEM155', 'catalog/ITEM155', null, now()),
('ITEM156', 'catalog/ITEM156', null, now()),
('ITEM157', 'catalog/ITEM157', null, now()),
('ITEM158', 'catalog/ITEM158', null, now()),
('ITEM159', 'catalog/ITEM159', null, now()),
('ITEM160', 'catalog/ITEM160', null, now()),
('ITEM161', 'catalog/ITEM161', null, now()),
('ITEM162', 'catalog/ITEM162', null, now()),
('ITEM163', 'catalog/ITEM163', null, now()),
('ITEM164', 'catalog/ITEM164', null, now()),
('ITEM165', 'catalog/ITEM165', null, now()),
('ITEM166', 'catalog/ITEM166', null, now()),
('ITEM167', 'catalog/ITEM167', null, now()),
('ITEM168', 'catalog/ITEM168', null, now()),
('ITEM169', 'catalog/ITEM169', null, now()),
('ITEM170', 'catalog/ITEM170', null, now()),
('ITEM171', 'catalog/ITEM171', null, now()),
('ITEM172', 'catalog/ITEM172', null, now()),
('ITEM173', 'catalog/ITEM173', null, now()),
('ITEM174', 'catalog/ITEM174', null, now()),
('ITEM175', 'catalog/ITEM175', null, now()),
('ITEM176', 'catalog/ITEM176', null, now()),
('ITEM177', 'catalog/ITEM177', null, now()),
('ITEM178', 'catalog/ITEM178', null, now()),
('ITEM179', 'catalog/ITEM179', null, now()),
('ITEM180', 'catalog/ITEM180', null, now()),
('ITEM181', 'catalog/ITEM181', null, now()),
('ITEM182', 'catalog/ITEM182', null, now()),
('ITEM183', 'catalog/ITEM183', null, now()),
('ITEM184', 'catalog/ITEM184', null, now()),
('ITEM185', 'catalog/ITEM185', null, now()),
('ITEM186', 'catalog/ITEM186', null, now()),
('ITEM187', 'catalog/ITEM187', null, now()),
('ITEM188', 'catalog/ITEM188', null, now()),
('ITEM189', 'catalog/ITEM189', null, now()),
('ITEM190', 'catalog/ITEM190', null, now()),
('ITEM191', 'catalog/ITEM191', null, now()),
('ITEM192', 'catalog/ITEM192', null, now()),
('ITEM193', 'catalog/ITEM193', null, now()),
('ITEM194', 'catalog/ITEM194', null, now()),
('ITEM195', 'catalog/ITEM195', null, now()),
('ITEM196', 'catalog/ITEM196', null, now()),
('ITEM197', 'catalog/ITEM197', null, now()),
('ITEM198', 'catalog/ITEM198', null, now()),
('ITEM199', 'catalog/ITEM199', null, now()),
('ITEM200', 'catalog/ITEM200', null, now());